Test,Empirical bound,AXG mechanism
GW speed (c_T), |c_T/c - 1| < 3×10^-15 (GW170817+GRB170817A),Set DHOST c_T=1 branch; enforce identically
Dipole radiation (J1738+0333), α0^2 < 2×10^-5 (JFBD 1σ); α0^2 ≲ 10^-5 (general ST),AXG: α_s ∝ S(χ) ≈ 0 for NS (S_NS ~ 0)
PPN (Solar System)," |γ−1|,|β−1| ≲ 10^-5; Shapiro/perihelion","AXG: S→0, Ψ→0 ⇒ GR locally"
EHT shadow, Consistent with GR at r ≳ (5–10) r_g,"Tune K0,p so Ψ,S→0 near horizon"
Cosmology fσ8,Percent-level deviations allowed; testable by Euclid/LSST,AXG demo μ(a)=1+ε(a) (ε0≈0.04)
