Test,Requirement,Method,Status,Notes
Bianchi identity & conservation,∇μ[GR terms + Δμν + ħQμν] = 0,Derive from a diffeo-invariant action; variation ⇒ covariant conservation,Satisfied by construction,"Ensured when Δμν, Qμν come from action; avoids contradiction with ∇·G=0"
Degrees of freedom / Ghosts (Ostrogradsky),No extra unhealthy DOF at accessible scales,Choose ℐ_q within DHOST (degenerate) subclass; verify kinetic Hessian degeneracy,Design choice—verifiable,"Pick c_T=1 DHOST branch; small α,β push heavy modes above cutoff"
Hyperbolicity & well-posedness,Strongly hyperbolic PDE; real characteristics,Principal-symbol analysis on spherically symmetric & FRW backgrounds,To be verified numerically,Check sign of effective kinetic matrices; no gradient instabilities
Causality / GW speed,|c_T − c| ≤ 10^{-15} (local universe),"Linearize on FRW; impose c_T^2=1 condition of DHOST; bound α,β",Design choice—verifiable,Satisfy GW170817/GRB170817A bound with c_T=1 branch
PPN (Solar System),"|γ−1|,|β−1| ≲ 10^{-5}",Use S(χ)→0 (high-accel) and tiny K/K0 ⇒ Δ≈0 near Sun/Earth,Naturally satisfied,K_sun(1AU) ≈ 9.338e-60 m^-4 ≪ K0
Binary pulsars (dipole radiation),No extra long-range dipole channel,Check that no extra propagating scalar; or screening ⇒ suppressed emission,Design choice—verifiable,"Use DHOST branch without extra tensor speed, screen scalar mode"
EHT ring / shadow,Exterior metric ≈ GR for r ≳ (5–10) r_g,Set Ψ(K)→0 in high curvature + S(χ)→0 in high accel at horizon,Consistent by design,"Tune K0, p to keep shadow within observational tolerance"
Lensing (strong/weak),Deflection consistent with data without DM,Metric potentials Φ≈Ψ in weak field; test on SLACS/maxBCG,To be fit/validated,Cross-check with Paper I calibrations + future Paper III
"Cosmology (μ,Σ; growth & WL)","Small, testable deviations vs ΛCDM",Map to EFT-of-DE parameters; forecast Euclid/LSST,To be forecasted,"Keep |μ−1|,|Σ−1| at few-% level"
Energy conditions & singularity theorems,Avoid singularity without pathologies,Effective violation of strong EC near core; Raychaudhuri with Ψ-suppression,Consistent by design,Regular core with r_core ≤ r_g; exterior NEC preserved
