survey,z_eff,quantity,value,uncertainty,units,reference
6dFGS,0.106,r_s/D_V,0.336,0.015,dimensionless,"Beutler et al. 2011, MNRAS 416, 3017 (arXiv:1106.3366)"
6dFGS,0.106,D_V,456.0,27.0,Mpc (physical),"Beutler et al. 2011, MNRAS 416, 3017 (arXiv:1106.3366)"
6dFGS,0.106,D_V/r_d,2.976,0.133,dimensionless,Converted from r_s/D_V (Beutler+2011)
SDSS MGS,0.15,D_V/r_d,4.466,0.168,dimensionless,"Ross et al. 2015, MNRAS 449, 835 (arXiv:1409.3242)"
SDSS MGS,0.15,"D_V*(r_d,fid/r_d)",664.0,25.0,Mpc (scaled),"Ross et al. 2015, MNRAS 449, 835 (arXiv:1409.3242)"
BOSS DR12,0.38,D_V/r_d,9.98,0.15,dimensionless,"Sánchez et al. 2017, MNRAS 464, 1640 (Table 4)"
BOSS DR12,0.38,F_AP,0.413,0.014,dimensionless,"Sánchez et al. 2017, MNRAS 464, 1640 (Table 4)"
BOSS DR12,0.38,D_A/r_d,10.27,0.15,dimensionless,"Högås et al. 2021, arXiv:2101.08795 (Table)"
BOSS DR12,0.51,D_V/r_d,12.86,0.18,dimensionless,"Sánchez et al. 2017, MNRAS 464, 1640 (Table 4)"
BOSS DR12,0.51,F_AP,0.605,0.018,dimensionless,"Sánchez et al. 2017, MNRAS 464, 1640 (Table 4)"
BOSS DR12,0.51,D_A/r_d,13.38,0.18,dimensionless,"Högås et al. 2021, arXiv:2101.08795 (Table)"
BOSS DR12,0.61,D_V/r_d,14.51,0.21,dimensionless,"Sánchez et al. 2017, MNRAS 464, 1640 (Table 4)"
BOSS DR12,0.61,F_AP,0.742,0.024,dimensionless,"Sánchez et al. 2017, MNRAS 464, 1640 (Table 4)"
BOSS DR12,0.61,D_A/r_d,15.45,0.22,dimensionless,"Högås et al. 2021, arXiv:2101.08795 (Table)"
eBOSS DR16 LRG,0.698,D_M/r_d,17.65,0.3,dimensionless,"Alam et al. 2021, PhysRevD 103, 083533 (arXiv:2007.08991)"
eBOSS DR16 LRG,0.698,D_H/r_d,19.77,0.47,dimensionless,"Alam et al. 2021, PhysRevD 103, 083533 (arXiv:2007.08991)"
eBOSS DR16 LRG,0.698,f*sigma8,0.473,0.044,dimensionless,"Alam et al. 2021, PhysRevD 103, 083533 (arXiv:2007.08991)"
